id,age,country,note
1,31,MX,row-1
2,79,FR,row-2
3,26,CA,row-3
4,,MX,row-4
5,55,US,row-5
6,25,MX,row-6
7,86,MX,row-7
8,40,US,row-8
9,51,GB,row-9
10,21,CA,row-10,EXTRA_FIELD
11,51,GB,row-11
12,42,US,row-12
13,55,GB,row-13
14,65,GB,row-14
15,95,GB,row-15
16,67,US,row-16
17,40,US,row-17
18,53,GB,row-18
19,88,FR,row-19
20,18,GB,row-20
21,91,FR,row-21
22,57,MX,row-22
23,83,US,row-23
24,72,FR,row-24
25,73,MX,row-25
26,47,US,row-26
27,23,CA,row-27
28,77,CA,row-28
29,53,GB,row-29
30,78,CA,row-30
31,36,FR,row-31
32,43,FR,row-32
33,,FR,row-33
34,74,MX,row-34
35,63,,row-35
36,93,US,row-36
37,89,US,row-37
38,59,CA,row-38
39,25,CA,row-39
40,53,MX,row-40
41,48,MX,row-41
42,40,MX,row-42
43,21,,row-43
44,,FR,row-44
45,54,GB,row-45
46,59,MX,row-46
47,,CA,row-47
48,37,GB,row-48
49,70,CA,row-49
50,27,CA,row-50
51,42,US,row-51
52,55,CA,row-52
53,66,GB,row-53
54,38,MX,row-54
55,19,CA,row-55
56,76,FR,row-56
57,64,GB,row-57
58,91,US,row-58
59,44,GB,row-59
60,44,CA,row-60
61,25,MX,row-61
62,,FR,row-62
63,37,GB,row-63
64,87,GB,row-64
65,49,MX,row-65
66,22,US,row-66
67,85,FR,row-67
68,70,,row-68
69,43,CA,row-69
70,48,GB,row-70
71,80,MX,row-71
72,,CA,row-72
73,49,CA,row-73
74,72,GB,row-74
75,81,MX,row-75
76,22,CA,row-76
77,49,US,row-77
78,47,FR,row-78
79,51,FR,row-79
80,24,US,row-80
81,58,MX,row-81
82,90,US,row-82
83,23,US,row-83
84,29,GB,row-84
85,91,MX,row-85
86,39,GB,row-86
87,78,FR,row-87
88,58,,row-88
89,85,CA,row-89
90,52,MX,row-90
91,68,GB,row-91
92,27,MX,row-92
93,53,US,row-93
94,42,CA,row-94
95,,FR,row-95
96,34,CA,row-96
97,52,FR,row-97
98,25,,row-98
99,77,MX,row-99
100,69,CA,row-100
101,45,US,row-101
102,45,MX,row-102
103,19,US,row-103
104,50,GB,row-104
105,66,MX,row-105
106,88,US,row-106
107,,MX,row-107
108,38,GB,row-108
109,60,US,row-109
110,89,MX,row-110
111,78,GB,row-111
112,74,FR,row-112
113,,GB,row-113
114,,FR,row-114
115,80,FR,row-115
116,50,GB,row-116
117,35,MX,row-117
118,,US,row-118
119,,GB,row-119
120,19,FR,row-120
121,62,FR,row-121
122,28,CA,row-122
123,76,GB,row-123
124,57,MX,row-124
125,80,MX,row-125
126,69,US,row-126
127,32,FR,row-127
128,64,FR,row-128
129,73,MX,row-129
130,74,FR,row-130
131,,GB,row-131
132,43,GB,row-132
133,79,MX,row-133
134,89,FR,row-134
135,38,FR,row-135
136,37,MX,row-136
137,61,CA,row-137
138,18,FR,row-138
139,18,MX,row-139
140,33,GB,row-140
141,80,MX,row-141
142,94,FR,row-142
143,27,GB,row-143
144,70,GB,row-144
145,63,MX,row-145
146,41,MX,row-146
147,18,CA,row-147
148,58,US,row-148
149,77,FR,row-149
150,90,MX,row-150
151,82,US,row-151
152,74,GB,row-152
153,50,CA,row-153
154,64,FR,row-154
155,61,MX,row-155
156,28,MX,row-156
157,40,US,row-157
158,65,FR,row-158
159,62,GB,row-159
160,29,FR,row-160
161,,GB,row-161
162,40,MX,row-162
163,65,CA,row-163
164,56,MX,row-164
165,95,FR,row-165
166,,CA,row-166
167,29,GB,row-167
168,30,GB,row-168
169,92,US,row-169
170,91,FR,row-170
171,27,FR,row-171
172,32,CA,row-172
173,79,CA,row-173
174,46,GB,row-174
175,56,US,row-175
176,69,,row-176
177,48,MX,row-177
178,46,US,row-178
179,47,CA,row-179
180,86,FR,row-180
181,75,MX,row-181
182,69,CA,row-182
183,58,FR,row-183
184,70,US,row-184
185,50,MX,row-185
186,87,CA,row-186
187,89,,row-187
188,64,MX,row-188
189,67,GB,row-189
190,37,US,row-190
191,76,MX,row-191
192,62,MX,row-192
193,57,US,row-193
194,51,GB,row-194
195,79,US,row-195
196,26,MX,row-196
197,48,MX,row-197
198,,US,row-198
199,24,FR,row-199
200,92,US,row-200
201,88,GB,row-201
202,86,FR,row-202
203,85,GB,row-203
204,30,US,row-204
205,58,FR,row-205
206,52,FR,row-206
207,,FR,row-207
208,54,US,row-208
209,40,GB,row-209
210,71,GB,row-210
211,28,US,row-211
212,18,GB,row-212
213,88,CA,row-213
214,70,FR,row-214
215,56,CA,row-215
216,26,US,row-216
217,38,CA,row-217
218,50,US,row-218
219,86,CA,row-219
220,69,CA,row-220
221,67,CA,row-221
222,,MX,row-222
223,53,MX,row-223
224,20,US,row-224
225,37,FR,row-225
226,32,US,row-226
227,19,GB,row-227
228,88,FR,row-228
229,,GB,row-229
230,86,CA,row-230
231,75,GB,row-231
232,66,FR,row-232
233,40,MX,row-233
234,93,MX,row-234
235,78,MX,row-235
236,63,GB,row-236
237,70,FR,row-237
238,22,GB,row-238
239,45,CA,row-239
240,93,GB,row-240
241,79,MX,row-241
242,61,GB,row-242
243,28,,row-243
244,58,CA,row-244
245,22,FR,row-245
246,85,MX,row-246
247,63,GB,row-247
248,40,US,row-248
249,81,MX,row-249
250,94,CA,row-250
251,22,US,row-251
252,27,CA,row-252
253,95,CA,row-253
254,57,MX,row-254
255,83,CA,row-255
256,27,FR,row-256
257,53,FR,row-257
258,20,US,row-258
259,22,CA,row-259
260,,GB,row-260
261,45,GB,row-261
262,62,CA,row-262
263,56,US,row-263
264,95,MX,row-264
265,40,MX,row-265
266,26,MX,row-266
267,83,MX,row-267
268,54,FR,row-268
269,73,US,row-269
270,45,GB,row-270
271,,MX,row-271
272,53,CA,row-272
273,70,GB,row-273
274,70,MX,row-274
275,44,GB,row-275
276,83,US,row-276
277,69,FR,row-277
278,54,US,row-278
279,34,CA,row-279
280,58,,row-280
281,39,MX,row-281
282,45,CA,row-282
283,50,GB,row-283
284,81,MX,row-284
285,61,CA,row-285
286,,GB,row-286
287,44,MX,row-287
288,49,FR,row-288
289,30,MX,row-289
290,58,MX,row-290
291,90,GB,row-291
292,37,US,row-292
293,27,FR,row-293
294,40,GB,row-294
295,21,CA,row-295
296,41,MX,row-296
297,51,CA,row-297
298,,CA,row-298
299,60,FR,row-299
300,95,US,row-300
301,38,FR,row-301
302,45,GB,row-302
303,,CA,row-303
304,,FR,row-304
305,25,GB,row-305
306,51,CA,row-306
307,81,MX,row-307
308,43,FR,row-308
309,68,FR,row-309
310,87,US,row-310
311,59,MX,row-311
312,69,FR,row-312
313,22,FR,row-313
314,63,GB,row-314
315,48,FR,row-315
316,42,GB,row-316
317,62,GB,row-317
318,86,FR,row-318
319,46,MX,row-319
320,62,GB,row-320
321,86,CA,row-321
322,21,GB,row-322
323,55,MX,row-323
324,59,MX,row-324
325,81,US,row-325
326,57,US,row-326
327,68,MX,row-327
328,66,GB,row-328
329,62,FR,row-329
330,75,CA,row-330
331,75,CA,row-331
332,,GB,row-332
333,71,MX,row-333
334,60,FR,row-334
335,89,MX,row-335
336,,FR,row-336
337,,GB,row-337
338,85,GB,row-338
339,,GB,row-339
340,48,CA,row-340
341,94,GB,row-341
342,,FR,row-342
343,66,MX,row-343
344,92,,row-344
345,23,US,row-345
346,95,MX,row-346
347,73,CA,row-347
348,87,FR,row-348
349,39,GB,row-349
350,87,FR,row-350
351,91,US,row-351
352,51,FR,row-352
353,86,US,row-353
354,,MX,row-354
355,91,GB,row-355
356,43,FR,row-356
357,33,FR,row-357
358,,FR,row-358
359,43,CA,row-359
360,36,US,row-360
361,35,CA,row-361
362,24,CA,row-362
363,62,FR,row-363
364,28,US,row-364
365,24,MX,row-365
366,95,FR,row-366
367,40,FR,row-367
368,25,CA,row-368
369,53,CA,row-369
370,78,US,row-370
371,85,CA,row-371
372,25,US,row-372
373,54,FR,row-373
374,23,FR,row-374
375,,MX,row-375
376,64,US,row-376
377,,GB,row-377
378,28,CA,row-378
379,22,MX,row-379
380,43,CA,row-380
381,43,FR,row-381
382,28,MX,row-382
383,19,FR,row-383
384,55,CA,row-384
385,85,,row-385
386,29,CA,row-386
387,61,MX,row-387
388,43,CA,row-388
389,88,FR,row-389
390,,CA,row-390
391,,GB,row-391
392,35,CA,row-392
393,84,MX,row-393
394,61,US,row-394
395,35,GB,row-395
396,33,US,row-396
397,27,MX,row-397
398,18,CA,row-398
399,52,CA,row-399
400,72,US,row-400
401,93,FR,row-401
402,37,,row-402
403,86,MX,row-403
404,75,US,row-404
405,79,FR,row-405
406,92,MX,row-406
407,92,CA,row-407
408,42,GB,row-408
409,93,FR,row-409
410,94,FR,row-410
411,75,GB,row-411
412,38,FR,row-412
413,58,MX,row-413
414,58,US,row-414
415,86,CA,row-415
416,55,FR,row-416
417,39,MX,row-417
418,47,MX,row-418
419,60,MX,row-419
420,42,MX,row-420
421,30,MX,row-421
422,57,MX,row-422
423,,US,row-423
424,,US,row-424
425,18,CA,row-425
426,89,GB,row-426
427,49,CA,row-427
428,68,CA,row-428
429,74,US,row-429
430,73,CA,row-430
431,29,CA,row-431
432,23,GB,row-432
433,25,FR,row-433
434,68,US,row-434
435,73,US,row-435
436,23,CA,row-436
437,65,FR,row-437
438,62,US,row-438
439,34,MX,row-439
440,,US,row-440
441,66,MX,row-441
442,80,FR,row-442
443,91,FR,row-443
444,29,FR,row-444
445,29,US,row-445
446,85,GB,row-446
447,21,CA,row-447
448,30,FR,row-448
449,76,GB,row-449
450,62,FR,row-450
451,70,FR,row-451
452,57,US,row-452
453,68,GB,row-453
454,31,MX,row-454
455,61,CA,row-455
456,83,CA,row-456
457,80,CA,row-457
458,65,US,row-458
459,91,US,row-459
460,38,CA,row-460
461,54,MX,row-461
462,86,MX,row-462
463,,GB,row-463
464,48,CA,row-464
465,79,FR,row-465
466,84,US,row-466
467,72,CA,row-467
468,86,MX,row-468
469,33,CA,row-469
470,19,FR,row-470
471,73,MX,row-471
472,78,,row-472
473,53,MX,row-473
474,60,MX,row-474
475,51,FR,row-475
476,90,US,row-476
477,79,MX,row-477
478,35,GB,row-478
479,67,US,row-479
480,62,CA,row-480
481,22,CA,row-481
482,73,MX,row-482
483,41,GB,row-483
484,86,,row-484
485,20,MX,row-485
486,91,MX,row-486
487,23,GB,row-487
488,,CA,row-488
489,61,CA,row-489
490,59,FR,row-490
491,91,MX,row-491
492,25,US,row-492
493,22,CA,row-493
494,49,CA,row-494
495,86,CA,row-495
496,,US,row-496
497,40,US,row-497
498,42,GB,row-498
499,42,CA,row-499
500,19,GB,row-500
